file,species
0021e90e4.png,Shepherds Purse
003d61042.png,Loose Silky-bent
007b3da8b.png,Sugar beet
0086a6340.png,Sugar beet
00c47e980.png,Small-flowered Cranesbill
00d090cde.png,Loose Silky-bent
00ef713a8.png,Sugar beet
01291174f.png,Loose Silky-bent
026716f9b.png,Common wheat
02cfeb38d.png,Cleavers
03566743d.png,Shepherds Purse
03a2ee656.png,Cleavers
03e322a29.png,Shepherds Purse
03ef36742.png,Loose Silky-bent
043449b0b.png,Sugar beet
0437393b1.png,Sugar beet
04814f36d.png,Fat Hen
05341a8a6.png,Loose Silky-bent
060450d79.png,Small-flowered Cranesbill
060f1dc84.png,Cleavers
0625f063b.png,Shepherds Purse
063363305.png,Shepherds Purse
06d12f6fa.png,Small-flowered Cranesbill
071cb3ece.png,Common wheat
0751c0bbc.png,Common wheat
07e62f903.png,Shepherds Purse
085974290.png,Shepherds Purse
0885e7690.png,Fat Hen
089ad62a7.png,Common wheat
08d591441.png,Sugar beet
0911d3dee.png,Loose Silky-bent
099b961ec.png,Small-flowered Cranesbill
0a64e3e6c.png,Loose Silky-bent
0ad9e7dfb.png,Shepherds Purse
0ae6668fa.png,Loose Silky-bent
0bf7bfb05.png,Sugar beet
0c27cf05f.png,Shepherds Purse
0c4199daa.png,Sugar beet
0c45ace27.png,Shepherds Purse
0c51bf229.png,Shepherds Purse
0c5f6c493.png,Small-flowered Cranesbill
0caeda5df.png,Cleavers
0d117d910.png,Cleavers
0d31e6602.png,Shepherds Purse
0dba99002.png,Sugar beet
0e8492cb1.png,Sugar beet
0ebf8f2f4.png,Maize
0ee4ad224.png,Shepherds Purse
0f6cbe5e8.png,Shepherds Purse
0fb233ad6.png,Shepherds Purse
115f93ecc.png,Cleavers
116b136de.png,Loose Silky-bent
1191ba346.png,Cleavers
11d3f68ff.png,Loose Silky-bent
122913909.png,Maize
12625488b.png,Sugar beet
126a71ce0.png,Shepherds Purse
1312065a5.png,Small-flowered Cranesbill
1364b297a.png,Common wheat
1376f3b63.png,Cleavers
13b9fa92d.png,Common wheat
1459e96a0.png,Cleavers
148bbda66.png,Shepherds Purse
14bb43eee.png,Common wheat
1541bdb2e.png,Shepherds Purse
1623fb9e1.png,Sugar beet
16357b436.png,Shepherds Purse
16467a950.png,Cleavers
165681fd9.png,Cleavers
1694a70e4.png,Shepherds Purse
16fd2e01a.png,Charlock
172f9b10b.png,Small-flowered Cranesbill
17529c555.png,Fat Hen
1758a1baf.png,Common wheat
177d7e2a4.png,Sugar beet
17a78fb44.png,Common wheat
17d5e5ac4.png,Loose Silky-bent
1821eb11a.png,Small-flowered Cranesbill
187668bde.png,Cleavers
1926e82fd.png,Common wheat
19618ad6a.png,Sugar beet
19b51843a.png,Shepherds Purse
19e58cc5e.png,Sugar beet
19fdf19fb.png,Common wheat
1b490196c.png,Small-flowered Cranesbill
1b6a6494d.png,Cleavers
1be0713da.png,Common wheat
1bf9b94a6.png,Cleavers
1c52ea820.png,Loose Silky-bent
1c680883c.png,Cleavers
1cfd91582.png,Black-grass
1d0cbd819.png,Sugar beet
1d321253f.png,Loose Silky-bent
1d48b7564.png,Fat Hen
1d56351b2.png,Shepherds Purse
1dc7c45df.png,Cleavers
1e095a7e1.png,Common wheat
1f290e016.png,Shepherds Purse
1f3f44563.png,Shepherds Purse
1f5e5554e.png,Cleavers
1fefb54b7.png,Loose Silky-bent
205df1df3.png,Sugar beet
20817c846.png,Fat Hen
20e562fd5.png,Sugar beet
20ea96bcc.png,Cleavers
20f983a71.png,Cleavers
2126dc71b.png,Shepherds Purse
219fd68d5.png,Small-flowered Cranesbill
223e4af09.png,Loose Silky-bent
22e79540f.png,Fat Hen
22fbf13d6.png,Cleavers
239bdf640.png,Common wheat
23bc8ec4f.png,Shepherds Purse
23e480e64.png,Shepherds Purse
2406d6c99.png,Small-flowered Cranesbill
241e6935a.png,Loose Silky-bent
248436078.png,Common wheat
24a058589.png,Cleavers
24c94a6ca.png,Small-flowered Cranesbill
24d36c52c.png,Small-flowered Cranesbill
24d78df74.png,Sugar beet
24dbc3b21.png,Loose Silky-bent
258b1183c.png,Cleavers
25a4c427e.png,Loose Silky-bent
25cf6eb73.png,Common wheat
25fa8d109.png,Common wheat
26852751a.png,Shepherds Purse
2693e5c65.png,Shepherds Purse
26e7ae885.png,Fat Hen
270b939cf.png,Loose Silky-bent
279df95f2.png,Sugar beet
288564c76.png,Sugar beet
29bab7cad.png,Shepherds Purse
29ce426a1.png,Fat Hen
29f49cd0b.png,Sugar beet
2a5064f19.png,Common wheat
2a667e099.png,Shepherds Purse
2b55a2da2.png,Shepherds Purse
2bd74d2da.png,Fat Hen
2d5058a59.png,Sugar beet
2d992d1fb.png,Loose Silky-bent
2d9c798f9.png,Shepherds Purse
2dd5cfba9.png,Small-flowered Cranesbill
2df78338c.png,Shepherds Purse
2e86f1085.png,Cleavers
2ea664465.png,Common wheat
2f0004a7f.png,Common wheat
2f246d688.png,Shepherds Purse
2ff5cb348.png,Common wheat
30ad31220.png,Shepherds Purse
3185294c8.png,Shepherds Purse
31f3dd81f.png,Loose Silky-bent
31fcdc161.png,Shepherds Purse
3281183f9.png,Loose Silky-bent
32a8c8a1d.png,Cleavers
32b42c120.png,Small-flowered Cranesbill
32c86784b.png,Shepherds Purse
33317fc2a.png,Sugar beet
33448fe39.png,Loose Silky-bent
33748968f.png,Cleavers
338c7e907.png,Shepherds Purse
34dd57ca9.png,Sugar beet
3526b05cc.png,Fat Hen
35a90f8d0.png,Loose Silky-bent
35cf9fa01.png,Shepherds Purse
35ebe165c.png,Black-grass
36839d5e9.png,Small-flowered Cranesbill
36d62bf36.png,Common wheat
36ed4f215.png,Small-flowered Cranesbill
37297a64c.png,Sugar beet
37714071b.png,Shepherds Purse
377283a21.png,Shepherds Purse
37c3108d6.png,Shepherds Purse
37e545a60.png,Cleavers
3827436f3.png,Sugar beet
38c054379.png,Cleavers
391dcd7fd.png,Cleavers
39858776a.png,Cleavers
39b740f7e.png,Sugar beet
39c8fde99.png,Common wheat
39d569be4.png,Cleavers
3a909ead8.png,Shepherds Purse
3abb502fb.png,Common Chickweed
3b73c3b61.png,Loose Silky-bent
3bbef3ecb.png,Sugar beet
3d38a87bc.png,Loose Silky-bent
3d65168c2.png,Sugar beet
3d67c434b.png,Fat Hen
3da774107.png,Common wheat
3dd52bd2a.png,Small-flowered Cranesbill
3e9f41817.png,Fat Hen
3ebbe9ca4.png,Shepherds Purse
3eda9cbb6.png,Fat Hen
3edf5e9ef.png,Common wheat
3eebd36c6.png,Shepherds Purse
3efa1f66c.png,Shepherds Purse
3f64c2c1b.png,Loose Silky-bent
3f826b318.png,Sugar beet
3f92d8039.png,Sugar beet
3fbd0fc6a.png,Shepherds Purse
3fbf1a417.png,Cleavers
4049a6ea6.png,Cleavers
406162ef9.png,Cleavers
406ecb5c5.png,Charlock
410e6f702.png,Cleavers
41e07778c.png,Fat Hen
41f1c3cdb.png,Shepherds Purse
4287d810c.png,Small-flowered Cranesbill
429211ee6.png,Cleavers
42e7ed442.png,Shepherds Purse
4392d93cf.png,Fat Hen
43ede9de9.png,Cleavers
444473900.png,Cleavers
446f7da01.png,Loose Silky-bent
44e8b8833.png,Small-flowered Cranesbill
456d507c0.png,Cleavers
466bb6d3b.png,Shepherds Purse
46c14fde2.png,Shepherds Purse
47b7d8e17.png,Shepherds Purse
47f9e5d91.png,Sugar beet
48231e475.png,Shepherds Purse
4823c3ffa.png,Shepherds Purse
486e59179.png,Shepherds Purse
48d97c645.png,Shepherds Purse
48ef6a2ff.png,Sugar beet
490c4f9c8.png,Common wheat
4a337a4a9.png,Common wheat
4ac29bbf0.png,Sugar beet
4b032563b.png,Shepherds Purse
4b155fb07.png,Shepherds Purse
4bbf1f6ea.png,Shepherds Purse
4bbfd1e05.png,Common wheat
4bcdaa5e2.png,Cleavers
4c5ab9b68.png,Loose Silky-bent
4c7838de4.png,Shepherds Purse
4c8005bbc.png,Loose Silky-bent
4e1190d78.png,Loose Silky-bent
4e18ab737.png,Cleavers
4e69d100a.png,Cleavers
4e9d3765f.png,Shepherds Purse
4ea7493d5.png,Fat Hen
4f44ca525.png,Cleavers
4f83143e1.png,Shepherds Purse
502dff972.png,Cleavers
506347cfe.png,Shepherds Purse
50de8a115.png,Common wheat
521b27a17.png,Fat Hen
523e5505c.png,Shepherds Purse
5296835a0.png,Shepherds Purse
52a87abe5.png,Cleavers
52dc7a4d6.png,Sugar beet
5315c2dca.png,Loose Silky-bent
534e74d83.png,Small-flowered Cranesbill
539961189.png,Sugar beet
53ceb4657.png,Shepherds Purse
53e6e9000.png,Sugar beet
54b3afd58.png,Cleavers
54c8bb900.png,Cleavers
550a8b7e6.png,Small-flowered Cranesbill
55251925f.png,Small-flowered Cranesbill
558aa7deb.png,Cleavers
55920f07f.png,Shepherds Purse
55a852f40.png,Shepherds Purse
55fed435f.png,Common wheat
56112b92c.png,Shepherds Purse
56a01b835.png,Small-flowered Cranesbill
5779fe8b4.png,Sugar beet
5817b766d.png,Shepherds Purse
5883b423d.png,Loose Silky-bent
589e643b8.png,Shepherds Purse
590f5aea6.png,Common wheat
592473c83.png,Sugar beet
592cc5b89.png,Common wheat
59358cd44.png,Fat Hen
593896f83.png,Shepherds Purse
599691cd9.png,Fat Hen
599c82eea.png,Fat Hen
59b2c6f2b.png,Sugar beet
59c6a9f95.png,Shepherds Purse
59e1cea8d.png,Cleavers
59f62ad1d.png,Loose Silky-bent
5a38ac566.png,Loose Silky-bent
5a6bf96f6.png,Shepherds Purse
5af1d74ee.png,Loose Silky-bent
5b3000b9a.png,Shepherds Purse
5b3beec58.png,Loose Silky-bent
5b63dcc21.png,Sugar beet
5bbc0a255.png,Small-flowered Cranesbill
5bc6595f6.png,Shepherds Purse
5bd71f445.png,Sugar beet
5bdcfa329.png,Loose Silky-bent
5c3cd7ea2.png,Fat Hen
5ca0205f9.png,Common wheat
5ca2687a4.png,Shepherds Purse
5dcad9a53.png,Cleavers
5e6a237f2.png,Sugar beet
5eb9c26a6.png,Shepherds Purse
5ee9d0a5b.png,Cleavers
5f04aed97.png,Shepherds Purse
6049234e6.png,Fat Hen
604dd663f.png,Shepherds Purse
606647f64.png,Small-flowered Cranesbill
60ee66ddd.png,Cleavers
60f0bc617.png,Common wheat
60fea2ef6.png,Common wheat
615d2b0a9.png,Common wheat
618de3d7a.png,Cleavers
61b044411.png,Shepherds Purse
61dd2cdc5.png,Cleavers
632156793.png,Cleavers
63c07d340.png,Loose Silky-bent
647689543.png,Sugar beet
64fe8beb9.png,Loose Silky-bent
653193c1a.png,Cleavers
65489944f.png,Shepherds Purse
659412b1a.png,Cleavers
65d08b894.png,Common wheat
65e262a6d.png,Cleavers
65e97117e.png,Cleavers
664194d19.png,Common wheat
6680836dd.png,Loose Silky-bent
668c1007c.png,Cleavers
66ab0e8d0.png,Charlock
675ec1b0b.png,Shepherds Purse
67ce3eaa6.png,Shepherds Purse
67e185673.png,Shepherds Purse
686dc7ec8.png,Cleavers
6908fb540.png,Sugar beet
6982a9d30.png,Small-flowered Cranesbill
699d3c707.png,Sugar beet
69d1669f8.png,Charlock
6a41bf95b.png,Cleavers
6a47821f9.png,Sugar beet
6b721f68e.png,Loose Silky-bent
6b9d6f8c9.png,Loose Silky-bent
6ba4ef411.png,Cleavers
6bce55e05.png,Small-flowered Cranesbill
6be169e41.png,Shepherds Purse
6c874918c.png,Loose Silky-bent
6d6eb3830.png,Common wheat
6da892be6.png,Common wheat
6db684fff.png,Fat Hen
6dd095129.png,Shepherds Purse
6df8e31ea.png,Cleavers
6edb96d45.png,Cleavers
6edc76e7c.png,Cleavers
711b46fba.png,Small-flowered Cranesbill
71334c634.png,Shepherds Purse
71b232519.png,Loose Silky-bent
71e73a8a0.png,Loose Silky-bent
71f5323c5.png,Loose Silky-bent
721b2c47a.png,Loose Silky-bent
721be0a4a.png,Cleavers
728eabae1.png,Fat Hen
73260a4ee.png,Fat Hen
74068643d.png,Cleavers
74d810f87.png,Black-grass
74fd477eb.png,Cleavers
7506c0c02.png,Fat Hen
752101fdf.png,Common wheat
754b1adf8.png,Small-flowered Cranesbill
756dd5070.png,Shepherds Purse
75cb95e91.png,Common wheat
7615e52d3.png,Common wheat
76555b064.png,Loose Silky-bent
7691014a1.png,Common wheat
7696badea.png,Sugar beet
76dbd1054.png,Loose Silky-bent
770a265f5.png,Small-flowered Cranesbill
77ccb8b2a.png,Cleavers
780bd2a2c.png,Sugar beet
780defa2e.png,Shepherds Purse
785a73ab8.png,Small-flowered Cranesbill
78750e0ff.png,Common wheat
78b1bf91a.png,Sugar beet
78c5fba1d.png,Sugar beet
79d93bc96.png,Loose Silky-bent
79dafec17.png,Loose Silky-bent
79e5ea8fa.png,Cleavers
79fba50db.png,Shepherds Purse
7a38416be.png,Cleavers
7b21ba6ba.png,Loose Silky-bent
7b52585da.png,Loose Silky-bent
7beb2766f.png,Small-flowered Cranesbill
7c85b0265.png,Cleavers
7cabd68cc.png,Common wheat
7d22abf91.png,Small-flowered Cranesbill
7d3045fc3.png,Loose Silky-bent
7d4cd07ad.png,Small-flowered Cranesbill
7e9cf1c46.png,Shepherds Purse
7f31c7f42.png,Cleavers
7f46a71db.png,Sugar beet
7f9e9565d.png,Small-flowered Cranesbill
7fdb7202d.png,Cleavers
800a8c17e.png,Loose Silky-bent
808578ed5.png,Cleavers
808cf55c6.png,Cleavers
809eb0b82.png,Fat Hen
80e299ae9.png,Cleavers
8104422bb.png,Small-flowered Cranesbill
8170d33c1.png,Shepherds Purse
824f5d4e5.png,Fat Hen
827279bad.png,Sugar beet
82b5f4d33.png,Small-flowered Cranesbill
8301b0547.png,Common wheat
8303b27ed.png,Loose Silky-bent
8311740de.png,Loose Silky-bent
835dc5447.png,Shepherds Purse
837ac0270.png,Cleavers
8455169fe.png,Sugar beet
851c90831.png,Common wheat
85431c075.png,Loose Silky-bent
855955aaf.png,Shepherds Purse
856f2910a.png,Small-flowered Cranesbill
8585f9718.png,Cleavers
862b8e7a0.png,Loose Silky-bent
86676d627.png,Shepherds Purse
866be78b0.png,Shepherds Purse
86c309150.png,Loose Silky-bent
86f08e6d1.png,Cleavers
87608f7aa.png,Shepherds Purse
87f627bf9.png,Common wheat
8874bba69.png,Shepherds Purse
88ac6df54.png,Shepherds Purse
88d8a4508.png,Fat Hen
8916793ce.png,Small-flowered Cranesbill
892e9d6c6.png,Sugar beet
897e5a8de.png,Cleavers
8a30b2de3.png,Common Chickweed
8a32d0bfa.png,Small-flowered Cranesbill
8a4d3a1b1.png,Loose Silky-bent
8a8d6c712.png,Shepherds Purse
8ab8a958b.png,Common wheat
8b043093d.png,Shepherds Purse
8b27bfd2b.png,Small-flowered Cranesbill
8b9144917.png,Shepherds Purse
8bc0261c9.png,Loose Silky-bent
8c98a6e9b.png,Cleavers
8c9953903.png,Sugar beet
8ca6140ca.png,Sugar beet
8cf2e3e6c.png,Shepherds Purse
8cf909eb3.png,Shepherds Purse
8cfd98117.png,Fat Hen
8d6991365.png,Common wheat
8d6acbe9b.png,Sugar beet
8db450ce3.png,Sugar beet
8dbb8e1b9.png,Common wheat
8e29abce1.png,Sugar beet
8e2e5604e.png,Fat Hen
8e3ed0a25.png,Small-flowered Cranesbill
8e4eaeec0.png,Sugar beet
8e6ec1ca6.png,Common wheat
8ece6efec.png,Small-flowered Cranesbill
8f523520c.png,Common wheat
8faadb6a8.png,Loose Silky-bent
90b595f12.png,Sugar beet
90d119d25.png,Shepherds Purse
91e469b4a.png,Shepherds Purse
92292055d.png,Fat Hen
93079d970.png,Sugar beet
9326bda1b.png,Common wheat
93d76fd5d.png,Shepherds Purse
948cdb277.png,Common wheat
9516e56c4.png,Shepherds Purse
953496deb.png,Loose Silky-bent
958bb9e96.png,Loose Silky-bent
963544aa0.png,Loose Silky-bent
9643fc5f4.png,Shepherds Purse
966ae5ad9.png,Sugar beet
969a851be.png,Shepherds Purse
96ecad7a1.png,Cleavers
96f14d90c.png,Sugar beet
974959ec1.png,Loose Silky-bent
976e4e079.png,Shepherds Purse
97844bfd5.png,Cleavers
97b2f0a10.png,Shepherds Purse
98062cd87.png,Small-flowered Cranesbill
98d819587.png,Shepherds Purse
98da6ef4e.png,Fat Hen
99036c51d.png,Loose Silky-bent
99569b224.png,Loose Silky-bent
995c7ab1e.png,Shepherds Purse
9a3f20121.png,Cleavers
9aa5587fe.png,Loose Silky-bent
9b4800b42.png,Small-flowered Cranesbill
9b9911f20.png,Common wheat
9baf94467.png,Common wheat
9c0c5b731.png,Sugar beet
9c32a797e.png,Cleavers
9c777333d.png,Shepherds Purse
9c8b08a24.png,Cleavers
9cce7328c.png,Common wheat
9d3cb4745.png,Common wheat
9d79a1f0c.png,Common wheat
9df3275da.png,Shepherds Purse
9fab816f2.png,Fat Hen
a006a475c.png,Shepherds Purse
a060c1cf8.png,Shepherds Purse
a0b393945.png,Loose Silky-bent
a0f37c726.png,Sugar beet
a169b71e7.png,Shepherds Purse
a19c3faca.png,Shepherds Purse
a1da8be3c.png,Shepherds Purse
a1e0a6c02.png,Cleavers
a254d71f6.png,Shepherds Purse
a276c65f7.png,Cleavers
a2b703e21.png,Shepherds Purse
a2c89c367.png,Shepherds Purse
a2d25b4f3.png,Cleavers
a35fd6fbb.png,Shepherds Purse
a38b8a581.png,Shepherds Purse
a3b375b34.png,Sugar beet
a3d0031fd.png,Sugar beet
a4b61a4ea.png,Fat Hen
a544fc46d.png,Common wheat
a55d26a4c.png,Common Chickweed
a5db42f7d.png,Shepherds Purse
a74bf916d.png,Common wheat
a74d475c2.png,Sugar beet
a7bd7cadb.png,Fat Hen
a800caead.png,Sugar beet
a83820a2c.png,Loose Silky-bent
a8388a37f.png,Cleavers
a85b48a95.png,Common wheat
a85fc8c9a.png,Shepherds Purse
a890ac088.png,Charlock
a8b431a3e.png,Loose Silky-bent
a8c8a1db0.png,Small-flowered Cranesbill
a8da9c08d.png,Common wheat
a8de7c1b7.png,Loose Silky-bent
a935ca110.png,Fat Hen
a93f940d6.png,Small-flowered Cranesbill
a9d2eab61.png,Shepherds Purse
aa7d098d1.png,Sugar beet
aad8375e0.png,Cleavers
aaf4da98f.png,Sugar beet
ab0f67743.png,Sugar beet
ab35453cb.png,Cleavers
abc331628.png,Common wheat
abf8b0772.png,Cleavers
ac3193f78.png,Fat Hen
ac75d3326.png,Cleavers
acdb75e00.png,Loose Silky-bent
ace8761dd.png,Shepherds Purse
ad12382d4.png,Cleavers
adb7a032c.png,Sugar beet
ae90f2827.png,Sugar beet
aecfaed64.png,Sugar beet
aee6fa3df.png,Sugar beet
af45e222a.png,Fat Hen
afa446484.png,Cleavers
afcf6abd5.png,Common wheat
b026bf8ca.png,Common wheat
b03397525.png,Cleavers
b0acaff4a.png,Cleavers
b130a0632.png,Charlock
b145ba9d4.png,Common wheat
b1cd2a91e.png,Cleavers
b215531dd.png,Common wheat
b2706e2b3.png,Cleavers
b29339405.png,Cleavers
b30ab4659.png,Cleavers
b31292706.png,Common wheat
b341d0aab.png,Small-flowered Cranesbill
b39c71707.png,Shepherds Purse
b3d6fdb80.png,Shepherds Purse
b3e08b037.png,Cleavers
b47691c08.png,Small-flowered Cranesbill
b4c3df835.png,Shepherds Purse
b4f7c9214.png,Loose Silky-bent
b573b7a56.png,Common wheat
b5c7fd009.png,Black-grass
b62dca166.png,Fat Hen
b687160f5.png,Shepherds Purse
b6a3f7876.png,Cleavers
b6f3d8b5d.png,Loose Silky-bent
b7192c70f.png,Common wheat
b7a7f6390.png,Common wheat
b7ad92859.png,Fat Hen
b828443ff.png,Shepherds Purse
b9062c1c8.png,Sugar beet
b944a49ca.png,Loose Silky-bent
b98327bf4.png,Fat Hen
ba3ce6b3e.png,Fat Hen
bb1c84bbc.png,Loose Silky-bent
bb1d1bfd3.png,Fat Hen
bb20fce02.png,Fat Hen
bb64660b7.png,Loose Silky-bent
bb7621cb3.png,Cleavers
bd72d4d8a.png,Sugar beet
bd789d151.png,Shepherds Purse
bdde957ec.png,Small-flowered Cranesbill
be2499cf4.png,Cleavers
be341dbdc.png,Loose Silky-bent
bea23d9f8.png,Fat Hen
bebcaab66.png,Loose Silky-bent
beebe5f4e.png,Sugar beet
bf3924a57.png,Cleavers
bf66b9cd2.png,Shepherds Purse
bfab3e3d0.png,Sugar beet
bffc08672.png,Loose Silky-bent
c0461776c.png,Common Chickweed
c069fc3fa.png,Sugar beet
c06e7c748.png,Sugar beet
c0bc3997b.png,Shepherds Purse
c0d9e170b.png,Fat Hen
c0f5d9ac8.png,Common wheat
c10ccbd82.png,Fat Hen
c10db7ae2.png,Shepherds Purse
c1ecff98b.png,Sugar beet
c26ccf73c.png,Sugar beet
c2de6020a.png,Shepherds Purse
c35efa095.png,Fat Hen
c4ed8ed38.png,Small-flowered Cranesbill
c50335991.png,Loose Silky-bent
c5078bac5.png,Maize
c5e419015.png,Shepherds Purse
c5e88cd42.png,Shepherds Purse
c60e91e07.png,Loose Silky-bent
c63da993b.png,Sugar beet
c64370a72.png,Sugar beet
c6b76307d.png,Cleavers
c6c8d4ba0.png,Loose Silky-bent
c7051c902.png,Sugar beet
c74c5b7fc.png,Common wheat
c75a82234.png,Fat Hen
c7ae30f3a.png,Loose Silky-bent
c7b07431e.png,Fat Hen
c7eb96871.png,Cleavers
c832e4302.png,Cleavers
c85ef220d.png,Sugar beet
c88ebfb47.png,Small-flowered Cranesbill
c8f50f0c3.png,Sugar beet
caa2fbd79.png,Common wheat
cadab6616.png,Shepherds Purse
cae684f8f.png,Common wheat
cb496f36e.png,Cleavers
cb76a7766.png,Shepherds Purse
cbba27d89.png,Shepherds Purse
cbe761896.png,Common wheat
cc3d2a59a.png,Loose Silky-bent
cc74feadc.png,Cleavers
cd5f0db1c.png,Cleavers
cd6adba97.png,Shepherds Purse
ce15eee52.png,Cleavers
ce3d280eb.png,Sugar beet
ce42adffb.png,Loose Silky-bent
cec5bf198.png,Common wheat
cf3a8b2fd.png,Cleavers
cf46d09c5.png,Loose Silky-bent
cf90fc52d.png,Shepherds Purse
cfb18d262.png,Small-flowered Cranesbill
cfd8165e9.png,Fat Hen
d0152bd7c.png,Loose Silky-bent
d01873fdd.png,Sugar beet
d09275360.png,Sugar beet
d09d24c58.png,Cleavers
d0cdc768f.png,Loose Silky-bent
d102e1a15.png,Cleavers
d14aa43f3.png,Shepherds Purse
d17f48d3b.png,Fat Hen
d2f0f326e.png,Cleavers
d2f422ccb.png,Common wheat
d2fd9df40.png,Shepherds Purse
d3331e071.png,Common wheat
d350a25fa.png,Shepherds Purse
d41d87796.png,Loose Silky-bent
d488a4fe1.png,Loose Silky-bent
d515398fd.png,Cleavers
d563be369.png,Loose Silky-bent
d5f7dd60a.png,Sugar beet
d668409ff.png,Cleavers
d689256be.png,Fat Hen
d6c8c3c48.png,Cleavers
d6d31dcbe.png,Fat Hen
d6d80a321.png,Shepherds Purse
d7017f701.png,Cleavers
d84d37a61.png,Sugar beet
d89db156f.png,Cleavers
d8f4923f8.png,Shepherds Purse
d93c7ab6d.png,Loose Silky-bent
d9c50616e.png,Sugar beet
da231c97f.png,Fat Hen
da4ed3a28.png,Charlock
da5255450.png,Sugar beet
da713c465.png,Loose Silky-bent
da9ef7858.png,Common wheat
dabe3e5be.png,Common wheat
dabea05f4.png,Loose Silky-bent
dc4cd56a3.png,Fat Hen
dc55449b2.png,Sugar beet
dcd7ff249.png,Cleavers
dce2f6612.png,Small-flowered Cranesbill
dd5ec63d9.png,Loose Silky-bent
dd9f36df7.png,Shepherds Purse
de0b79659.png,Loose Silky-bent
df11d56a7.png,Sugar beet
df521c0c0.png,Fat Hen
df7cb5f87.png,Cleavers
dfb1d9012.png,Loose Silky-bent
e0ec5b6a1.png,Common wheat
e14afa235.png,Loose Silky-bent
e15472085.png,Cleavers
e15fce4f2.png,Fat Hen
e1809cef2.png,Cleavers
e19673dc9.png,Small-flowered Cranesbill
e19ad6ac9.png,Common wheat
e1a0e3202.png,Loose Silky-bent
e1abb4ff9.png,Loose Silky-bent
e3f50adfc.png,Cleavers
e471f1d3a.png,Charlock
e478c452c.png,Sugar beet
e4a76885b.png,Shepherds Purse
e4d5ec761.png,Loose Silky-bent
e5064f6be.png,Loose Silky-bent
e52493d0b.png,Loose Silky-bent
e5297b675.png,Loose Silky-bent
e5368474f.png,Sugar beet
e5881dd33.png,Cleavers
e5e3dccff.png,Sugar beet
e6f1211a2.png,Sugar beet
e7077322d.png,Fat Hen
e721c6ac8.png,Loose Silky-bent
e73e308be.png,Loose Silky-bent
e783f5a4f.png,Sugar beet
e80a259c5.png,Cleavers
e82017baa.png,Cleavers
e84464f5a.png,Fat Hen
e88bf0db9.png,Small-flowered Cranesbill
e901b0f28.png,Shepherds Purse
e921021a8.png,Cleavers
e96e57a90.png,Small-flowered Cranesbill
e98e5d1d5.png,Common wheat
e9cd91682.png,Sugar beet
e9d48d664.png,Small-flowered Cranesbill
eaf0815e2.png,Shepherds Purse
ec08a5d56.png,Small-flowered Cranesbill
ede6b84b4.png,Cleavers
edfdb4aeb.png,Sugar beet
eec1079a1.png,Shepherds Purse
eef131644.png,Cleavers
ef02b4ee7.png,Loose Silky-bent
ef3e232ad.png,Sugar beet
ef65533d5.png,Cleavers
ef74dbcad.png,Fat Hen
ef7a5651d.png,Loose Silky-bent
ef9676433.png,Common wheat
efe19dc32.png,Cleavers
f0ffa00bd.png,Sugar beet
f1e87cba7.png,Loose Silky-bent
f1f7c833f.png,Small-flowered Cranesbill
f23faf9c1.png,Loose Silky-bent
f25996db8.png,Small-flowered Cranesbill
f2dc546ca.png,Fat Hen
f33e9d918.png,Common wheat
f351ce097.png,Fat Hen
f3fcfff1b.png,Fat Hen
f4021df6c.png,Fat Hen
f4234cf4f.png,Loose Silky-bent
f445fe6fb.png,Fat Hen
f48916a8c.png,Cleavers
f4ad9d950.png,Common wheat
f4caf74f9.png,Shepherds Purse
f4e7733d4.png,Small-flowered Cranesbill
f593c9cf0.png,Loose Silky-bent
f66ae4070.png,Shepherds Purse
f6d250856.png,Small-flowered Cranesbill
f8318faf1.png,Shepherds Purse
f85ed9b6d.png,Cleavers
f9b6bfb00.png,Cleavers
f9ea23fb5.png,Fat Hen
f9f35cbd4.png,Sugar beet
fa5fd1384.png,Cleavers
fa9f3a8f9.png,Fat Hen
fadc6adbc.png,Common wheat
fb022edf9.png,Common wheat
fba8fc78a.png,Cleavers
fbf88b6be.png,Small-flowered Cranesbill
fc3e58836.png,Loose Silky-bent
fc6f686fb.png,Cleavers
fd253a74e.png,Cleavers
fd87b36ae.png,Loose Silky-bent
fd925f542.png,Common Chickweed
fda0b5c38.png,Loose Silky-bent
fda39e16f.png,Maize
fdea6b119.png,Cleavers
fe29629fb.png,Shepherds Purse
fe9e87b78.png,Small-flowered Cranesbill
fea1d13d6.png,Small-flowered Cranesbill
fea355851.png,Cleavers
fea3da57c.png,Sugar beet
fef2ade8c.png,Sugar beet
ff65bc002.png,Cleavers
ffc6f8527.png,Loose Silky-bent
